Year,Country/State,Administrative district,Sex,Population ('000)
2016,Malaysia,,Female,15358.3
2016,Malaysia,,Male,16553.9
2016,Johor,Batu pahat,Female,224.2
2016,Johor,Batu pahat,Male,238.2
2016,Johor,Johor Bahru,Female,716.2
2016,Johor,Johor Bahru,Male,820.7
2016,Johor,Kluang,Female,146.7
2016,Johor,Kluang,Male,186.4
2016,Johor,Kota tinggi,Female,103.1
2016,Johor,Kota tinggi,Male,114.2
2016,Johor,Kulai,Female,129
2016,Johor,Kulai,Male,150.5
2016,Johor,Mersing,Female,37.3
2016,Johor,Mersing,Male,42.6
2016,Johor,Muar,Female,129.9
2016,Johor,Muar,Male,144
2016,Johor,Pontian,Female,82.2
2016,Johor,Pontian,Male,90.8
2016,Johor,Segamat,Female,103.2
2016,Johor,Segamat,Male,106.8
2016,Johor,Tangkak,Female,73
2016,Johor,Tangkak,Male,78.4
2016,Kedah,Baling,Female,74.2
2016,Kedah,Baling,Male,75.4
2016,Kedah,Bandar Baharu,Female,23
2016,Kedah,Bandar Baharu,Male,23.5
2016,Kedah,Kota Setar,Female,200.5
2016,Kedah,Kota Setar,Male,200.7
2016,Kedah,Kuala Muda,Female,245.7
2016,Kedah,Kuala Muda,Male,255.2
2016,Kedah,Kubang Pasu,Female,124.5
2016,Kedah,Kubang Pasu,Male,118.8
2016,Kedah,Kulim,Female,150.4
2016,Kedah,Kulim,Male,166.6
2016,Kedah,Langkawi,Female,50.1
2016,Kedah,Langkawi,Male,56.4
2016,Kedah,Padang Terap,Female,34.2
2016,Kedah,Padang Terap,Male,35.5
2016,Kedah,Pendang,Female,52.3
2016,Kedah,Pendang,Male,52.6
2016,Kedah,Pokok Sena,Female,25.9
2016,Kedah,Pokok Sena,Male,29
2016,Kedah,Sik,Female,36.1
2016,Kedah,Sik,Male,38.6
2016,Kedah,Yan,Female,37.8
2016,Kedah,Yan,Male,37.5
2016,Kelantan,Bachok,Female,77.9
2016,Kelantan,Bachok,Male,78.1
2016,Kelantan,Gua Musang,Female,49.5
2016,Kelantan,Gua Musang,Male,59.7
2016,Kelantan,Jeli,Female,23.3
2016,Kelantan,Jeli,Male,25.4
2016,Kelantan,Kota Bharu,Female,287.4
2016,Kelantan,Kota Bharu,Male,286.3
2016,Kelantan,Kuala Krai,Female,62.9
2016,Kelantan,Kuala Krai,Male,67.1
2016,Kelantan,Machang,Female,55
2016,Kelantan,Machang,Male,54.1
2016,Kelantan,Pasir Mas,Female,110.6
2016,Kelantan,Pasir Mas,Male,112.1
2016,Kelantan,Pasir Puteh,Female,68.6
2016,Kelantan,Pasir Puteh,Male,68.9
2016,Kelantan,Tanah Merah,Female,70.3
2016,Kelantan,Tanah Merah,Male,73.1
2016,Kelantan,Tumpat,Female,89.6
2016,Kelantan,Tumpat,Male,90.4
2016,Melaka,Alor Gajah,Female,100.3
2016,Melaka,Alor Gajah,Male,102.5
2016,Melaka,Jasin,Female,73.4
2016,Melaka,Jasin,Male,76.4
2016,Melaka,Melaka Tengah,Female,273.8
2016,Melaka,Melaka Tengah,Male,281.8
2016,Negeri Sembilan,Jelebu,Female,20.4
2016,Negeri Sembilan,Jelebu,Male,23.3
2016,Negeri Sembilan,Jempol,Female,61
2016,Negeri Sembilan,Jempol,Male,67
2016,Negeri Sembilan,Kuala Pilah,Female,36.4
2016,Negeri Sembilan,Kuala Pilah,Male,35.8
2016,Negeri Sembilan,Port Dickson,Female,59.6
2016,Negeri Sembilan,Port Dickson,Male,67
2016,Negeri Sembilan,Rembau,Female,23.1
2016,Negeri Sembilan,Rembau,Male,24.3
2016,Negeri Sembilan,Seremban,Female,291.3
2016,Negeri Sembilan,Seremban,Male,314.6
2016,Negeri Sembilan,Tampin,Female,43.7
2016,Negeri Sembilan,Tampin,Male,49
2016,Pahang,Bentong,Female,59.6
2016,Pahang,Bentong,Male,70.9
2016,Pahang,Bera,Female,48
2016,Pahang,Bera,Male,59.9
2016,Pahang,Cameron Highlands,Female,18.6
2016,Pahang,Cameron Highlands,Male,23.7
2016,Pahang,Jerantut,Female,46.1
2016,Pahang,Jerantut,Male,54.7
2016,Pahang,Kuantan,Female,241.4
2016,Pahang,Kuantan,Male,266.2
2016,Pahang,Lipis,Female,46.2
2016,Pahang,Lipis,Male,53.2
2016,Pahang,Maran,Female,61
2016,Pahang,Maran,Male,67.3
2016,Pahang,Pekan,Female,58.2
2016,Pahang,Pekan,Male,65.1
2016,Pahang,Raub,Female,49.4
2016,Pahang,Raub,Male,54.5
2016,Pahang,Rompin,Female,56.6
2016,Pahang,Rompin,Male,72.2
2016,Pahang,Temerloh,Female,86.4
2016,Pahang,Temerloh,Male,95.8
2016,Perak,Bagan Datuk,Female,34.1
2016,Perak,Bagan Datuk,Male,39.3
2016,Perak,Batang Padang,Female,60.3
2016,Perak,Batang Padang,Male,65.9
2016,Perak,Hilir Perak,Female,74.5
2016,Perak,Hilir Perak,Male,77.4
2016,Perak,Hulu Perak,Female,48.1
2016,Perak,Hulu Perak,Male,52.4
2016,Perak,Kampar,Female,53.1
2016,Perak,Kampar,Male,53.1
2016,Perak,Kerian,Female,95.7
2016,Perak,Kerian,Male,96.9
2016,Perak,Kinta,Female,408.4
2016,Perak,Kinta,Male,409
2016,Perak,Kuala Kangsar,Female,85.5
2016,Perak,Kuala Kangsar,Male,86.1
2016,Perak,Larut & Matang,Female,175
2016,Perak,Larut & Matang,Male,181.2
2016,Perak,Manjung,Female,118.2
2016,Perak,Manjung,Male,131.9
2016,Perak,Muallim,Female,33.1
2016,Perak,Muallim,Male,37.2
2016,Perak,Perak Tengah,Female,54.6
2016,Perak,Perak Tengah,Male,55.2
2016,Perlis,,Female,127.9
2016,Perlis,,Male,125.7
2016,Pulau Pinang,Barat Daya,Female,110.4
2016,Pulau Pinang,Barat Daya,Male,114.5
2016,Pulau Pinang,Seberang Perai Selatan,Female,91.9
2016,Pulau Pinang,Seberang Perai Selatan,Male,97.2
2016,Pulau Pinang,Seberang Perai Tengah,Female,200.5
2016,Pulau Pinang,Seberang Perai Tengah,Male,216.9
2016,Pulau Pinang,Seberang Perai Utara,Female,162.2
2016,Pulau Pinang,Seberang Perai Utara,Male,165.2
2016,Pulau Pinang,Timur Laut,Female,290.2
2016,Pulau Pinang,Timur Laut,Male,276.7
2016,Sabah,Beaufort,Female,38.2
2016,Sabah,Beaufort,Male,40.2
2016,Sabah,Beluran,Female,54.7
2016,Sabah,Beluran,Male,72.6
2016,Sabah,Keningau,Female,99.7
2016,Sabah,Keningau,Male,108.5
2016,Sabah,Kinabatangan,Female,80.5
2016,Sabah,Kinabatangan,Male,108.6
2016,Sabah,Kota Belud,Female,51.4
2016,Sabah,Kota Belud,Male,54.8
2016,Sabah,Kota Kinabalu,Female,263.9
2016,Sabah,Kota Kinabalu,Male,280.2
2016,Sabah,Kota Marudu,Female,37.6
2016,Sabah,Kota Marudu,Male,39.7
2016,Sabah,Kuala Penyu,Female,11.2
2016,Sabah,Kuala Penyu,Male,11.8
2016,Sabah,Kudat,Female,47.4
2016,Sabah,Kudat,Male,49.8
2016,Sabah,Kunak,Female,36.5
2016,Sabah,Kunak,Male,39.8
2016,Sabah,Lahad Datu,Female,118
2016,Sabah,Lahad Datu,Male,128.7
2016,Sabah,Nabawan,Female,17.7
2016,Sabah,Nabawan,Male,19.9
2016,Sabah,Papar,Female,74
2016,Sabah,Papar,Male,82.4
2016,Sabah,Penampang,Female,70.9
2016,Sabah,Penampang,Male,74.8
2016,Sabah,Pitas,Female,21.4
2016,Sabah,Pitas,Male,22
2016,Sabah,Putatan,Female,31.5
2016,Sabah,Putatan,Male,35.3
2016,Sabah,Ranau,Female,52.3
2016,Sabah,Ranau,Male,56.1
2016,Sabah,Sandakan,Female,226.3
2016,Sabah,Sandakan,Male,260.2
2016,Sabah,Semporna,Female,80.6
2016,Sabah,Semporna,Male,83.3
2016,Sabah,Sipitang,Female,20.8
2016,Sabah,Sipitang,Male,21.7
2016,Sabah,Tambunan,Female,20.4
2016,Sabah,Tambunan,Male,20.8
2016,Sabah,Tawau,Female,235.3
2016,Sabah,Tawau,Male,255.8
2016,Sabah,Tenom,Female,31.4
2016,Sabah,Tenom,Male,33.8
2016,Sabah,Tongod,Female,18.9
2016,Sabah,Tongod,Male,23.3
2016,Sabah,Tuaran,Female,59.3
2016,Sabah,Tuaran,Male,62.1
2016,Sarawak,Asajaya,Female,17.3
2016,Sarawak,Asajaya,Male,18.2
2016,Sarawak,Bau,Female,28.5
2016,Sarawak,Bau,Male,30.7
2016,Sarawak,Belaga,Female,16.9
2016,Sarawak,Belaga,Male,24.8
2016,Sarawak,Betong,Female,34.3
2016,Sarawak,Betong,Male,34.8
2016,Sarawak,Bintulu,Female,96.8
2016,Sarawak,Bintulu,Male,120
2016,Sarawak,Dalat,Female,11
2016,Sarawak,Dalat,Male,10.7
2016,Sarawak,Daro,Female,16.3
2016,Sarawak,Daro,Male,19
2016,Sarawak,Julau,Female,8.8
2016,Sarawak,Julau,Male,8.8
2016,Sarawak,Kanowit,Female,16.3
2016,Sarawak,Kanowit,Male,16
2016,Sarawak,Kapit,Female,31.2
2016,Sarawak,Kapit,Male,30.8
2016,Sarawak,Kuching,Female,331.8
2016,Sarawak,Kuching,Male,344.2
2016,Sarawak,Lawas,Female,20.4
2016,Sarawak,Lawas,Male,23
2016,Sarawak,Limbang,Female,26.2
2016,Sarawak,Limbang,Male,27.4
2016,Sarawak,Lubok Antu,Female,15.6
2016,Sarawak,Lubok Antu,Male,15.6
2016,Sarawak,Lundu,Female,17.6
2016,Sarawak,Lundu,Male,19.5
2016,Sarawak,Marudi,Female,33.9
2016,Sarawak,Marudi,Male,38.3
2016,Sarawak,Matu,Female,9.7
2016,Sarawak,Matu,Male,10.2
2016,Sarawak,Maradong,Female,16.6
2016,Sarawak,Maradong,Male,16.3
2016,Sarawak,Miri,Female,155
2016,Sarawak,Miri,Male,183
2016,Sarawak,Mukah,Female,21.7
2016,Sarawak,Mukah,Male,27.4
2016,Sarawak,Pakan,Female,8.3
2016,Sarawak,Pakan,Male,9
2016,Sarawak,Samarahan,Female,48.7
2016,Sarawak,Samarahan,Male,48.3
2016,Sarawak,Saratok,Female,25.5
2016,Sarawak,Saratok,Male,25.7
2016,Sarawak,Sarikei,Female,31.4
2016,Sarawak,Sarikei,Male,32.5
2016,Sarawak,Selangau,Female,12.5
2016,Sarawak,Selangau,Male,13.2
2016,Sarawak,Serian,Female,49
2016,Sarawak,Serian,Male,51.4
2016,Sarawak,Sibu,Female,131.8
2016,Sarawak,Sibu,Male,142.4
2016,Sarawak,Simunjan,Female,21.2
2016,Sarawak,Simunjan,Male,22.8
2016,Sarawak,Song,Female,11.3
2016,Sarawak,Song,Male,11.7
2016,Sarawak,Sri Aman,Female,36.2
2016,Sarawak,Sri Aman,Male,37.7
2016,Sarawak,Tatau,Female,15.9
2016,Sarawak,Tatau,Male,18.9
2016,Selangor,Gombak,Female,378.2
2016,Selangor,Gombak,Male,408.2
2016,Selangor,Klang,Female,457.7
2016,Selangor,Klang,Male,533.9
2016,Selangor,Kuala Langat,Female,123.2
2016,Selangor,Kuala Langat,Male,137.4
2016,Selangor,Kuala Selangor,Female,117
2016,Selangor,Kuala Selangor,Male,124.9
2016,Selangor,Petaling,Female,1007.9
2016,Selangor,Petaling,Male,1078
2016,Selangor,Sabak Bernam,Female,59.7
2016,Selangor,Sabak Bernam,Male,61.8
2016,Selangor,Sepang,Female,112.6
2016,Selangor,Sepang,Male,135
2016,Selangor,Ulu Langat,Female,633.6
2016,Selangor,Ulu Langat,Male,690.8
2016,Selangor,Ulu Selangor,Female,109.7
2016,Selangor,Ulu Selangor,Male,119.3
2016,Terengganu,Besut,Female,80
2016,Terengganu,Besut,Male,82.6
2016,Terengganu,Dungun,Female,86.7
2016,Terengganu,Dungun,Male,92.1
2016,Terengganu,Hulu Terengganu,Female,40.3
2016,Terengganu,Hulu Terengganu,Male,43.6
2016,Terengganu,Kemaman,Female,94.2
2016,Terengganu,Kemaman,Male,105.9
2016,Terengganu,Kuala Nerus,Female,73.4
2016,Terengganu,Kuala Nerus,Male,72.7
2016,Terengganu,Kuala Terengganu,Female,123.3
2016,Terengganu,Kuala Terengganu,Male,125.5
2016,Terengganu,Marang,Female,54.5
2016,Terengganu,Marang,Male,58.1
2016,Terengganu,Setiu,Female,31.7
2016,Terengganu,Setiu,Male,33
2016,W.P. Kuala Lumpur,,Female,890.1
2016,W.P. Kuala Lumpur,,Male,956.3
2016,W.P. Labuan,,Female,47.3
2016,W.P. Labuan,,Male,50.2
2016,W.P. Putrajaya,,Female,46.8
2016,W.P. Putrajaya,,Male,41.2
2017,Malaysia,,Female,15584.7
2017,Malaysia,,Male,16807.7
2017,Johor,Batu pahat,Female,227.4
2017,Johor,Batu pahat,Male,241.6
2017,Johor,Johor Bahru,Female,726.1
2017,Johor,Johor Bahru,Male,832.2
2017,Johor,Kluang,Female,148.7
2017,Johor,Kluang,Male,189.1
2017,Johor,Kota tinggi,Female,104.8
2017,Johor,Kota tinggi,Male,116.1
2017,Johor,Kulai,Female,130.8
2017,Johor,Kulai,Male,152.7
2017,Johor,Mersing,Female,37.9
2017,Johor,Mersing,Male,43.3
2017,Johor,Muar,Female,131.7
2017,Johor,Muar,Male,146
2017,Johor,Pontian,Female,83.4
2017,Johor,Pontian,Male,92.1
2017,Johor,Segamat,Female,104.7
2017,Johor,Segamat,Male,108.3
2017,Johor,Tangkak,Female,74
2017,Johor,Tangkak,Male,79.5
2017,Kedah,Baling,Female,75.3
2017,Kedah,Baling,Male,76.5
2017,Kedah,Bandar Baharu,Female,23.4
2017,Kedah,Bandar Baharu,Male,23.9
2017,Kedah,Kota Setar,Female,203.2
2017,Kedah,Kota Setar,Male,203.5
2017,Kedah,Kuala Muda,Female,249
2017,Kedah,Kuala Muda,Male,258.7
2017,Kedah,Kubang Pasu,Female,126.3
2017,Kedah,Kubang Pasu,Male,120.6
2017,Kedah,Kulim,Female,152.4
2017,Kedah,Kulim,Male,168.9
2017,Kedah,Langkawi,Female,50.9
2017,Kedah,Langkawi,Male,57.3
2017,Kedah,Padang Terap,Female,34.7
2017,Kedah,Padang Terap,Male,36.1
2017,Kedah,Pendang,Female,53.1
2017,Kedah,Pendang,Male,53.5
2017,Kedah,Pokok Sena,Female,26.3
2017,Kedah,Pokok Sena,Male,29.5
2017,Kedah,Sik,Female,36.6
2017,Kedah,Sik,Male,39.2
2017,Kedah,Yan,Female,38.4
2017,Kedah,Yan,Male,38.1
2017,Kelantan,Bachok,Female,79.5
2017,Kelantan,Bachok,Male,79.8
2017,Kelantan,Gua Musang,Female,50.5
2017,Kelantan,Gua Musang,Male,61
2017,Kelantan,Jeli,Female,23.8
2017,Kelantan,Jeli,Male,26
2017,Kelantan,Kota Bharu,Female,293
2017,Kelantan,Kota Bharu,Male,292.3
2017,Kelantan,Kuala Krai,Female,64.1
2017,Kelantan,Kuala Krai,Male,68.5
2017,Kelantan,Machang,Female,56.1
2017,Kelantan,Machang,Male,55.3
2017,Kelantan,Pasir Mas,Female,112.8
2017,Kelantan,Pasir Mas,Male,114.5
2017,Kelantan,Pasir Puteh,Female,69.9
2017,Kelantan,Pasir Puteh,Male,70.3
2017,Kelantan,Tanah Merah,Female,71.7
2017,Kelantan,Tanah Merah,Male,74.6
2017,Kelantan,Tumpat,Female,91.3
2017,Kelantan,Tumpat,Male,92.3
2017,Melaka,Alor Gajah,Female,101.8
2017,Melaka,Alor Gajah,Male,104.2
2017,Melaka,Jasin,Female,74.4
2017,Melaka,Jasin,Male,77.7
2017,Melaka,Melaka Tengah,Female,277.5
2017,Melaka,Melaka Tengah,Male,285.9
2017,Negeri Sembilan,Jelebu,Female,20.6
2017,Negeri Sembilan,Jelebu,Male,23.6
2017,Negeri Sembilan,Jempol,Female,61.6
2017,Negeri Sembilan,Jempol,Male,67.7
2017,Negeri Sembilan,Kuala Pilah,Female,36.8
2017,Negeri Sembilan,Kuala Pilah,Male,36.2
2017,Negeri Sembilan,Port Dickson,Female,60.2
2017,Negeri Sembilan,Port Dickson,Male,67.8
2017,Negeri Sembilan,Rembau,Female,23.3
2017,Negeri Sembilan,Rembau,Male,24.6
2017,Negeri Sembilan,Seremban,Female,294.5
2017,Negeri Sembilan,Seremban,Male,318.2
2017,Negeri Sembilan,Tampin,Female,44.2
2017,Negeri Sembilan,Tampin,Male,49.6
2017,Pahang,Bentong,Female,60.4
2017,Pahang,Bentong,Male,71.8
2017,Pahang,Bera,Female,48.6
2017,Pahang,Bera,Male,60.7
2017,Pahang,Cameron Highlands,Female,18.8
2017,Pahang,Cameron Highlands,Male,24
2017,Pahang,Jerantut,Female,46.8
2017,Pahang,Jerantut,Male,55.5
2017,Pahang,Kuantan,Female,245
2017,Pahang,Kuantan,Male,270
2017,Pahang,Lipis,Female,46.9
2017,Pahang,Lipis,Male,54
2017,Pahang,Maran,Female,62
2017,Pahang,Maran,Male,68.4
2017,Pahang,Pekan,Female,59.2
2017,Pahang,Pekan,Male,66.2
2017,Pahang,Raub,Female,50
2017,Pahang,Raub,Male,55.2
2017,Pahang,Rompin,Female,57.6
2017,Pahang,Rompin,Male,73.4
2017,Pahang,Temerloh,Female,87.6
2017,Pahang,Temerloh,Male,97.1
2017,Perak,Bagan Datuk,Female,34.2
2017,Perak,Bagan Datuk,Male,39.5
2017,Perak,Batang Padang,Female,61
2017,Perak,Batang Padang,Male,66.7
2017,Perak,Hilir Perak,Female,75.2
2017,Perak,Hilir Perak,Male,78.2
2017,Perak,Hulu Perak,Female,48.7
2017,Perak,Hulu Perak,Male,53
2017,Perak,Kampar,Female,53.5
2017,Perak,Kampar,Male,53.5
2017,Perak,Kerian,Female,96.5
2017,Perak,Kerian,Male,97.8
2017,Perak,Kinta,Female,411.5
2017,Perak,Kinta,Male,412.1
2017,Perak,Kuala Kangsar,Female,86.3
2017,Perak,Kuala Kangsar,Male,86.9
2017,Perak,Larut & Matang,Female,176.4
2017,Perak,Larut & Matang,Male,182.8
2017,Perak,Manjung,Female,119.1
2017,Perak,Manjung,Male,133.1
2017,Perak,Muallim,Female,33.4
2017,Perak,Muallim,Male,37.6
2017,Perak,Perak Tengah,Female,55.1
2017,Perak,Perak Tengah,Male,55.8
2017,Perlis,,Female,129.2
2017,Perlis,,Male,127.2
2017,Pulau Pinang,Barat Daya,Female,111.9
2017,Pulau Pinang,Barat Daya,Male,116.2
2017,Pulau Pinang,Seberang Perai Selatan,Female,93
2017,Pulau Pinang,Seberang Perai Selatan,Male,98.4
2017,Pulau Pinang,Seberang Perai Tengah,Female,203
2017,Pulau Pinang,Seberang Perai Tengah,Male,219.8
2017,Pulau Pinang,Seberang Perai Utara,Female,164.4
2017,Pulau Pinang,Seberang Perai Utara,Male,167.5
2017,Pulau Pinang,Timur Laut,Female,293
2017,Pulau Pinang,Timur Laut,Male,279.5
2017,Sabah,Beaufort,Female,39.1
2017,Sabah,Beaufort,Male,41.1
2017,Sabah,Beluran,Female,55.6
2017,Sabah,Beluran,Male,73.9
2017,Sabah,Keningau,Female,101.4
2017,Sabah,Keningau,Male,110.5
2017,Sabah,Kinabatangan,Female,81.9
2017,Sabah,Kinabatangan,Male,110.5
2017,Sabah,Kota Belud,Female,52.3
2017,Sabah,Kota Belud,Male,55.8
2017,Sabah,Kota Kinabalu,Female,268.7
2017,Sabah,Kota Kinabalu,Male,285.2
2017,Sabah,Kota Marudu,Female,38.2
2017,Sabah,Kota Marudu,Male,40.4
2017,Sabah,Kuala Penyu,Female,11.5
2017,Sabah,Kuala Penyu,Male,12
2017,Sabah,Kudat,Female,48.1
2017,Sabah,Kudat,Male,50.5
2017,Sabah,Kunak,Female,37.2
2017,Sabah,Kunak,Male,40.6
2017,Sabah,Lahad Datu,Female,120
2017,Sabah,Lahad Datu,Male,131
2017,Sabah,Nabawan,Female,18
2017,Sabah,Nabawan,Male,20.4
2017,Sabah,Papar,Female,75.8
2017,Sabah,Papar,Male,84.2
2017,Sabah,Penampang,Female,72
2017,Sabah,Penampang,Male,76.1
2017,Sabah,Pitas,Female,21.7
2017,Sabah,Pitas,Male,22.4
2017,Sabah,Putatan,Female,32.3
2017,Sabah,Putatan,Male,36.1
2017,Sabah,Ranau,Female,53.2
2017,Sabah,Ranau,Male,57.1
2017,Sabah,Sandakan,Female,230.1
2017,Sabah,Sandakan,Male,264.7
2017,Sabah,Semporna,Female,82.1
2017,Sabah,Semporna,Male,84.9
2017,Sabah,Sipitang,Female,21.2
2017,Sabah,Sipitang,Male,22.2
2017,Sabah,Tambunan,Female,20.8
2017,Sabah,Tambunan,Male,21.2
2017,Sabah,Tawau,Female,239.1
2017,Sabah,Tawau,Male,260.1
2017,Sabah,Tenom,Female,31.9
2017,Sabah,Tenom,Male,34.4
2017,Sabah,Tongod,Female,19.2
2017,Sabah,Tongod,Male,23.7
2017,Sabah,Tuaran,Female,60.4
2017,Sabah,Tuaran,Male,63.2
2017,Sarawak,Asajaya,Female,17.6
2017,Sarawak,Asajaya,Male,18.5
2017,Sarawak,Bau,Female,28.8
2017,Sarawak,Bau,Male,31.1
2017,Sarawak,Belaga,Female,17.2
2017,Sarawak,Belaga,Male,25.3
2017,Sarawak,Betong,Female,34.8
2017,Sarawak,Betong,Male,35.4
2017,Sarawak,Bintulu,Female,98.2
2017,Sarawak,Bintulu,Male,121.8
2017,Sarawak,Dalat,Female,11.2
2017,Sarawak,Dalat,Male,10.9
2017,Sarawak,Daro,Female,16.6
2017,Sarawak,Daro,Male,19.4
2017,Sarawak,Julau,Female,8.9
2017,Sarawak,Julau,Male,8.9
2017,Sarawak,Kanowit,Female,16.5
2017,Sarawak,Kanowit,Male,16.2
2017,Sarawak,Kapit,Female,31.7
2017,Sarawak,Kapit,Male,31.3
2017,Sarawak,Kuching,Female,336.3
2017,Sarawak,Kuching,Male,348.7
2017,Sarawak,Lawas,Female,20.7
2017,Sarawak,Lawas,Male,23.3
2017,Sarawak,Limbang,Female,26.6
2017,Sarawak,Limbang,Male,27.9
2017,Sarawak,Lubok Antu,Female,15.8
2017,Sarawak,Lubok Antu,Male,15.8
2017,Sarawak,Lundu,Female,17.8
2017,Sarawak,Lundu,Male,19.8
2017,Sarawak,Marudi,Female,34.5
2017,Sarawak,Marudi,Male,38.9
2017,Sarawak,Matu,Female,9.8
2017,Sarawak,Matu,Male,10.4
2017,Sarawak,Maradong,Female,16.8
2017,Sarawak,Maradong,Male,16.5
2017,Sarawak,Miri,Female,157.2
2017,Sarawak,Miri,Male,185.6
2017,Sarawak,Mukah,Female,22
2017,Sarawak,Mukah,Male,27.9
2017,Sarawak,Pakan,Female,8.5
2017,Sarawak,Pakan,Male,9.2
2017,Sarawak,Samarahan,Female,49.4
2017,Sarawak,Samarahan,Male,49
2017,Sarawak,Saratok,Female,25.9
2017,Sarawak,Saratok,Male,26.1
2017,Sarawak,Sarikei,Female,31.8
2017,Sarawak,Sarikei,Male,33
2017,Sarawak,Selangau,Female,12.7
2017,Sarawak,Selangau,Male,13.4
2017,Sarawak,Serian,Female,49.7
2017,Sarawak,Serian,Male,52.1
2017,Sarawak,Sibu,Female,133.5
2017,Sarawak,Sibu,Male,144.2
2017,Sarawak,Simunjan,Female,21.5
2017,Sarawak,Simunjan,Male,23.2
2017,Sarawak,Song,Female,11.5
2017,Sarawak,Song,Male,11.9
2017,Sarawak,Sri Aman,Female,36.7
2017,Sarawak,Sri Aman,Male,38.2
2017,Sarawak,Tatau,Female,16.2
2017,Sarawak,Tatau,Male,19.2
2017,Selangor,Gombak,Female,385.1
2017,Selangor,Gombak,Male,415.9
2017,Selangor,Klang,Female,465.3
2017,Selangor,Klang,Male,543.3
2017,Selangor,Kuala Langat,Female,125.4
2017,Selangor,Kuala Langat,Male,140
2017,Selangor,Kuala Selangor,Female,119.2
2017,Selangor,Kuala Selangor,Male,127.4
2017,Selangor,Petaling,Female,1025.1
2017,Selangor,Petaling,Male,1097.1
2017,Selangor,Sabak Bernam,Female,60.8
2017,Selangor,Sabak Bernam,Male,63
2017,Selangor,Sepang,Female,114.6
2017,Selangor,Sepang,Male,137.7
2017,Selangor,Ulu Langat,Female,644.5
2017,Selangor,Ulu Langat,Male,703.2
2017,Selangor,Ulu Selangor,Female,111.7
2017,Selangor,Ulu Selangor,Male,121.7
2017,Terengganu,Besut,Female,81.6
2017,Terengganu,Besut,Male,84.3
2017,Terengganu,Dungun,Female,88.5
2017,Terengganu,Dungun,Male,94
2017,Terengganu,Hulu Terengganu,Female,41.1
2017,Terengganu,Hulu Terengganu,Male,44.5
2017,Terengganu,Kemaman,Female,96
2017,Terengganu,Kemaman,Male,108.1
2017,Terengganu,Kuala Nerus,Female,74.8
2017,Terengganu,Kuala Nerus,Male,74.2
2017,Terengganu,Kuala Terengganu,Female,125.7
2017,Terengganu,Kuala Terengganu,Male,128
2017,Terengganu,Marang,Female,55.6
2017,Terengganu,Marang,Male,59.3
2017,Terengganu,Setiu,Female,32.3
2017,Terengganu,Setiu,Male,33.6
2017,W.P. Kuala Lumpur,,Female,898.4
2017,W.P. Kuala Lumpur,,Male,965.3
2017,W.P. Labuan,,Female,48
2017,W.P. Labuan,,Male,51
2017,W.P. Putrajaya,,Female,47.8
2017,W.P. Putrajaya,,Male,42.1
2018,Malaysia,,Female,15807.7
2018,Malaysia,,Male,17055.4
2018,Johor,Batu pahat,Female,230.6
2018,Johor,Batu pahat,Male,245.1
2018,Johor,Johor Bahru,Female,736
2018,Johor,Johor Bahru,Male,843.5
2018,Johor,Kluang,Female,150.8
2018,Johor,Kluang,Male,191.7
2018,Johor,Kota tinggi,Female,106.4
2018,Johor,Kota tinggi,Male,117.9
2018,Johor,Kulai,Female,132.5
2018,Johor,Kulai,Male,154.7
2018,Johor,Mersing,Female,38.5
2018,Johor,Mersing,Male,44
2018,Johor,Muar,Female,133.5
2018,Johor,Muar,Male,148
2018,Johor,Pontian,Female,84.6
2018,Johor,Pontian,Male,93.5
2018,Johor,Segamat,Female,106.1
2018,Johor,Segamat,Male,109.8
2018,Johor,Tangkak,Female,75
2018,Johor,Tangkak,Male,80.6
2018,Kedah,Baling,Female,76.4
2018,Kedah,Baling,Male,77.7
2018,Kedah,Bandar Baharu,Female,23.7
2018,Kedah,Bandar Baharu,Male,24.2
2018,Kedah,Kota Setar,Female,206
2018,Kedah,Kota Setar,Male,206.3
2018,Kedah,Kuala Muda,Female,252.2
2018,Kedah,Kuala Muda,Male,262.2
2018,Kedah,Kubang Pasu,Female,128.1
2018,Kedah,Kubang Pasu,Male,122.4
2018,Kedah,Kulim,Female,154.4
2018,Kedah,Kulim,Male,171.2
2018,Kedah,Langkawi,Female,51.7
2018,Kedah,Langkawi,Male,58.2
2018,Kedah,Padang Terap,Female,35.3
2018,Kedah,Padang Terap,Male,36.6
2018,Kedah,Pendang,Female,53.9
2018,Kedah,Pendang,Male,54.4
2018,Kedah,Pokok Sena,Female,26.6
2018,Kedah,Pokok Sena,Male,30
2018,Kedah,Sik,Female,37.2
2018,Kedah,Sik,Male,39.8
2018,Kedah,Yan,Female,39
2018,Kedah,Yan,Male,38.7
2018,Kelantan,Bachok,Female,81
2018,Kelantan,Bachok,Male,81.5
2018,Kelantan,Gua Musang,Female,51.6
2018,Kelantan,Gua Musang,Male,62.3
2018,Kelantan,Jeli,Female,24.3
2018,Kelantan,Jeli,Male,26.5
2018,Kelantan,Kota Bharu,Female,298.6
2018,Kelantan,Kota Bharu,Male,298.3
2018,Kelantan,Kuala Krai,Female,65.3
2018,Kelantan,Kuala Krai,Male,69.9
2018,Kelantan,Machang,Female,57.2
2018,Kelantan,Machang,Male,56.4
2018,Kelantan,Pasir Mas,Female,115
2018,Kelantan,Pasir Mas,Male,116.8
2018,Kelantan,Pasir Puteh,Female,71.3
2018,Kelantan,Pasir Puteh,Male,71.8
2018,Kelantan,Tanah Merah,Female,73.1
2018,Kelantan,Tanah Merah,Male,76.1
2018,Kelantan,Tumpat,Female,93.1
2018,Kelantan,Tumpat,Male,94.2
2018,Melaka,Alor Gajah,Female,103.2
2018,Melaka,Alor Gajah,Male,105.8
2018,Melaka,Jasin,Female,75.5
2018,Melaka,Jasin,Male,78.9
2018,Melaka,Melaka Tengah,Female,281.3
2018,Melaka,Melaka Tengah,Male,290
2018,Negeri Sembilan,Jelebu,Female,20.9
2018,Negeri Sembilan,Jelebu,Male,23.9
2018,Negeri Sembilan,Jempol,Female,62.3
2018,Negeri Sembilan,Jempol,Male,68.5
2018,Negeri Sembilan,Kuala Pilah,Female,37.2
2018,Negeri Sembilan,Kuala Pilah,Male,36.6
2018,Negeri Sembilan,Port Dickson,Female,60.8
2018,Negeri Sembilan,Port Dickson,Male,68.5
2018,Negeri Sembilan,Rembau,Female,23.6
2018,Negeri Sembilan,Rembau,Male,24.9
2018,Negeri Sembilan,Seremban,Female,297.4
2018,Negeri Sembilan,Seremban,Male,321.7
2018,Negeri Sembilan,Tampin,Female,44.6
2018,Negeri Sembilan,Tampin,Male,50.1
2018,Pahang,Bentong,Female,61.1
2018,Pahang,Bentong,Male,72.6
2018,Pahang,Bera,Female,49.3
2018,Pahang,Bera,Male,61.5
2018,Pahang,Cameron Highlands,Female,19
2018,Pahang,Cameron Highlands,Male,24.2
2018,Pahang,Jerantut,Female,47.5
2018,Pahang,Jerantut,Male,56.3
2018,Pahang,Kuantan,Female,248.5
2018,Pahang,Kuantan,Male,273.8
2018,Pahang,Lipis,Female,47.6
2018,Pahang,Lipis,Male,54.8
2018,Pahang,Maran,Female,63
2018,Pahang,Maran,Male,69.5
2018,Pahang,Pekan,Female,60.1
2018,Pahang,Pekan,Male,67.2
2018,Pahang,Raub,Female,50.7
2018,Pahang,Raub,Male,55.9
2018,Pahang,Rompin,Female,58.5
2018,Pahang,Rompin,Male,74.5
2018,Pahang,Temerloh,Female,88.9
2018,Pahang,Temerloh,Male,98.4
2018,Perak,Bagan Datuk,Female,34.3
2018,Perak,Bagan Datuk,Male,39.8
2018,Perak,Batang Padang,Female,61.6
2018,Perak,Batang Padang,Male,67.4
2018,Perak,Hilir Perak,Female,75.9
2018,Perak,Hilir Perak,Male,79
2018,Perak,Hulu Perak,Female,49.2
2018,Perak,Hulu Perak,Male,53.6
2018,Perak,Kampar,Female,53.9
2018,Perak,Kampar,Male,53.9
2018,Perak,Kerian,Female,97.3
2018,Perak,Kerian,Male,98.7
2018,Perak,Kinta,Female,414.5
2018,Perak,Kinta,Male,415.2
2018,Perak,Kuala Kangsar,Female,87
2018,Perak,Kuala Kangsar,Male,87.7
2018,Perak,Larut & Matang,Female,177.7
2018,Perak,Larut & Matang,Male,184.4
2018,Perak,Manjung,Female,120.1
2018,Perak,Manjung,Male,134.3
2018,Perak,Muallim,Female,33.7
2018,Perak,Muallim,Male,38.1
2018,Perak,Perak Tengah,Female,55.6
2018,Perak,Perak Tengah,Male,56.4
2018,Perlis,,Female,130.5
2018,Perlis,,Male,128.7
2018,Pulau Pinang,Barat Daya,Female,113.3
2018,Pulau Pinang,Barat Daya,Male,117.8
2018,Pulau Pinang,Seberang Perai Selatan,Female,94
2018,Pulau Pinang,Seberang Perai Selatan,Male,99.6
2018,Pulau Pinang,Seberang Perai Tengah,Female,205.5
2018,Pulau Pinang,Seberang Perai Tengah,Male,222.7
2018,Pulau Pinang,Seberang Perai Utara,Female,166.5
2018,Pulau Pinang,Seberang Perai Utara,Male,169.8
2018,Pulau Pinang,Timur Laut,Female,295.8
2018,Pulau Pinang,Timur Laut,Male,282.1
2018,Sabah,Beaufort,Female,39.9
2018,Sabah,Beaufort,Male,41.9
2018,Sabah,Beluran,Female,56.5
2018,Sabah,Beluran,Male,75
2018,Sabah,Keningau,Female,103.2
2018,Sabah,Keningau,Male,112.4
2018,Sabah,Kinabatangan,Female,83.1
2018,Sabah,Kinabatangan,Male,112.3
2018,Sabah,Kota Belud,Female,53.2
2018,Sabah,Kota Belud,Male,56.7
2018,Sabah,Kota Kinabalu,Female,273.3
2018,Sabah,Kota Kinabalu,Male,290
2018,Sabah,Kota Marudu,Female,38.9
2018,Sabah,Kota Marudu,Male,41.1
2018,Sabah,Kuala Penyu,Female,11.7
2018,Sabah,Kuala Penyu,Male,12.3
2018,Sabah,Kudat,Female,48.9
2018,Sabah,Kudat,Male,51.3
2018,Sabah,Kunak,Female,37.8
2018,Sabah,Kunak,Male,41.3
2018,Sabah,Lahad Datu,Female,122
2018,Sabah,Lahad Datu,Male,133.2
2018,Sabah,Nabawan,Female,18.3
2018,Sabah,Nabawan,Male,20.8
2018,Sabah,Papar,Female,77.6
2018,Sabah,Papar,Male,86.1
2018,Sabah,Penampang,Female,73.2
2018,Sabah,Penampang,Male,77.3
2018,Sabah,Pitas,Female,22
2018,Sabah,Pitas,Male,22.7
2018,Sabah,Putatan,Female,33
2018,Sabah,Putatan,Male,37
2018,Sabah,Ranau,Female,54.1
2018,Sabah,Ranau,Male,58
2018,Sabah,Sandakan,Female,233.9
2018,Sabah,Sandakan,Male,269
2018,Sabah,Semporna,Female,83.6
2018,Sabah,Semporna,Male,86.4
2018,Sabah,Sipitang,Female,21.6
2018,Sabah,Sipitang,Male,22.6
2018,Sabah,Tambunan,Female,21.1
2018,Sabah,Tambunan,Male,21.5
2018,Sabah,Tawau,Female,242.7
2018,Sabah,Tawau,Male,264
2018,Sabah,Tenom,Female,32.5
2018,Sabah,Tenom,Male,35.1
2018,Sabah,Tongod,Female,19.5
2018,Sabah,Tongod,Male,24.1
2018,Sabah,Tuaran,Female,61.5
2018,Sabah,Tuaran,Male,64.4
2018,Sarawak,Asajaya,Female,17.9
2018,Sarawak,Asajaya,Male,18.8
2018,Sarawak,Bau,Female,29.2
2018,Sarawak,Bau,Male,31.5
2018,Sarawak,Belaga,Female,17.5
2018,Sarawak,Belaga,Male,25.7
2018,Sarawak,Betong,Female,35.3
2018,Sarawak,Betong,Male,36
2018,Sarawak,Bintulu,Female,99.6
2018,Sarawak,Bintulu,Male,123.6
2018,Sarawak,Dalat,Female,11.4
2018,Sarawak,Dalat,Male,11.1
2018,Sarawak,Daro,Female,16.8
2018,Sarawak,Daro,Male,19.8
2018,Sarawak,Julau,Female,9.1
2018,Sarawak,Julau,Male,9.1
2018,Sarawak,Kanowit,Female,16.8
2018,Sarawak,Kanowit,Male,16.5
2018,Sarawak,Kapit,Female,32.1
2018,Sarawak,Kapit,Male,31.7
2018,Sarawak,Kuching,Female,340.7
2018,Sarawak,Kuching,Male,353.1
2018,Sarawak,Lawas,Female,21.1
2018,Sarawak,Lawas,Male,23.7
2018,Sarawak,Limbang,Female,27
2018,Sarawak,Limbang,Male,28.3
2018,Sarawak,Lubok Antu,Female,16.1
2018,Sarawak,Lubok Antu,Male,16.1
2018,Sarawak,Lundu,Female,18.1
2018,Sarawak,Lundu,Male,20.1
2018,Sarawak,Marudi,Female,35.1
2018,Sarawak,Marudi,Male,39.5
2018,Sarawak,Matu,Female,10
2018,Sarawak,Matu,Male,10.7
2018,Sarawak,Maradong,Female,17
2018,Sarawak,Maradong,Male,16.8
2018,Sarawak,Miri,Female,159.5
2018,Sarawak,Miri,Male,188.2
2018,Sarawak,Mukah,Female,22.3
2018,Sarawak,Mukah,Male,28.4
2018,Sarawak,Pakan,Female,8.6
2018,Sarawak,Pakan,Male,9.4
2018,Sarawak,Samarahan,Female,50.1
2018,Sarawak,Samarahan,Male,49.7
2018,Sarawak,Saratok,Female,26.3
2018,Sarawak,Saratok,Male,26.5
2018,Sarawak,Sarikei,Female,32.2
2018,Sarawak,Sarikei,Male,33.4
2018,Sarawak,Selangau,Female,12.9
2018,Sarawak,Selangau,Male,13.6
2018,Sarawak,Serian,Female,50.3
2018,Sarawak,Serian,Male,52.8
2018,Sarawak,Sibu,Female,135.2
2018,Sarawak,Sibu,Male,146
2018,Sarawak,Simunjan,Female,21.8
2018,Sarawak,Simunjan,Male,23.6
2018,Sarawak,Song,Female,11.7
2018,Sarawak,Song,Male,12.1
2018,Sarawak,Sri Aman,Female,37.2
2018,Sarawak,Sri Aman,Male,38.8
2018,Sarawak,Tatau,Female,16.4
2018,Sarawak,Tatau,Male,19.5
2018,Selangor,Gombak,Female,391.8
2018,Selangor,Gombak,Male,423.4
2018,Selangor,Klang,Female,472.7
2018,Selangor,Klang,Male,552.4
2018,Selangor,Kuala Langat,Female,127.6
2018,Selangor,Kuala Langat,Male,142.5
2018,Selangor,Kuala Selangor,Female,121.4
2018,Selangor,Kuala Selangor,Male,129.8
2018,Selangor,Petaling,Female,1041.6
2018,Selangor,Petaling,Male,1115.4
2018,Selangor,Sabak Bernam,Female,61.9
2018,Selangor,Sabak Bernam,Male,64.2
2018,Selangor,Sepang,Female,116.6
2018,Selangor,Sepang,Male,140.3
2018,Selangor,Ulu Langat,Female,655.1
2018,Selangor,Ulu Langat,Male,715.1
2018,Selangor,Ulu Selangor,Female,113.7
2018,Selangor,Ulu Selangor,Male,123.9
2018,Terengganu,Besut,Female,83.2
2018,Terengganu,Besut,Male,85.9
2018,Terengganu,Dungun,Female,90.2
2018,Terengganu,Dungun,Male,95.8
2018,Terengganu,Hulu Terengganu,Female,41.9
2018,Terengganu,Hulu Terengganu,Male,45.4
2018,Terengganu,Kemaman,Female,97.9
2018,Terengganu,Kemaman,Male,110.2
2018,Terengganu,Kuala Nerus,Female,76.2
2018,Terengganu,Kuala Nerus,Male,75.6
2018,Terengganu,Kuala Terengganu,Female,128.1
2018,Terengganu,Kuala Terengganu,Male,130.5
2018,Terengganu,Marang,Female,56.6
2018,Terengganu,Marang,Male,60.5
2018,Terengganu,Setiu,Female,33
2018,Terengganu,Setiu,Male,34.3
2018,W.P. Kuala Lumpur,,Female,906.3
2018,W.P. Kuala Lumpur,,Male,973.9
2018,W.P. Labuan,,Female,48.7
2018,W.P. Labuan,,Male,51.6
2018,W.P. Putrajaya,,Female,48.7
2018,W.P. Putrajaya,,Male,42.9
2019,Malaysia,,Female,16027.8
2019,Malaysia,,Male,17297.6
2019,Johor,Batu pahat,Female,233.8
2019,Johor,Batu pahat,Male,248.5
2019,Johor,Johor Bahru,Female,745.8
2019,Johor,Johor Bahru,Male,854.5
2019,Johor,Kluang,Female,152.8
2019,Johor,Kluang,Male,194.3
2019,Johor,Kota tinggi,Female,108
2019,Johor,Kota tinggi,Male,119.8
2019,Johor,Kulai,Female,134.2
2019,Johor,Kulai,Male,156.8
2019,Johor,Mersing,Female,39.1
2019,Johor,Mersing,Male,44.7
2019,Johor,Muar,Female,135.3
2019,Johor,Muar,Male,150
2019,Johor,Pontian,Female,85.8
2019,Johor,Pontian,Male,94.8
2019,Johor,Segamat,Female,107.5
2019,Johor,Segamat,Male,111.2
2019,Johor,Tangkak,Female,76
2019,Johor,Tangkak,Male,81.7
2019,Kedah,Baling,Female,77.5
2019,Kedah,Baling,Male,78.9
2019,Kedah,Bandar Baharu,Female,24
2019,Kedah,Bandar Baharu,Male,24.6
2019,Kedah,Kota Setar,Female,208.7
2019,Kedah,Kota Setar,Male,209.1
2019,Kedah,Kuala Muda,Female,255.5
2019,Kedah,Kuala Muda,Male,265.7
2019,Kedah,Kubang Pasu,Female,130
2019,Kedah,Kubang Pasu,Male,124.2
2019,Kedah,Kulim,Female,156.4
2019,Kedah,Kulim,Male,173.5
2019,Kedah,Langkawi,Female,52.4
2019,Kedah,Langkawi,Male,59.1
2019,Kedah,Padang Terap,Female,35.8
2019,Kedah,Padang Terap,Male,37.2
2019,Kedah,Pendang,Female,54.7
2019,Kedah,Pendang,Male,55.2
2019,Kedah,Pokok Sena,Female,27
2019,Kedah,Pokok Sena,Male,30.5
2019,Kedah,Sik,Female,37.7
2019,Kedah,Sik,Male,40.4
2019,Kedah,Yan,Female,39.5
2019,Kedah,Yan,Male,39.3
2019,Kelantan,Bachok,Female,82.6
2019,Kelantan,Bachok,Male,83.2
2019,Kelantan,Gua Musang,Female,52.6
2019,Kelantan,Gua Musang,Male,63.6
2019,Kelantan,Jeli,Female,24.8
2019,Kelantan,Jeli,Male,27.1
2019,Kelantan,Kota Bharu,Female,304.3
2019,Kelantan,Kota Bharu,Male,304.3
2019,Kelantan,Kuala Krai,Female,66.5
2019,Kelantan,Kuala Krai,Male,71.3
2019,Kelantan,Machang,Female,58.3
2019,Kelantan,Machang,Male,57.6
2019,Kelantan,Pasir Mas,Female,117.2
2019,Kelantan,Pasir Mas,Male,119.2
2019,Kelantan,Pasir Puteh,Female,72.7
2019,Kelantan,Pasir Puteh,Male,73.3
2019,Kelantan,Tanah Merah,Female,74.5
2019,Kelantan,Tanah Merah,Male,77.7
2019,Kelantan,Tumpat,Female,94.8
2019,Kelantan,Tumpat,Male,96.1
2019,Melaka,Alor Gajah,Female,104.7
2019,Melaka,Alor Gajah,Male,107.4
2019,Melaka,Jasin,Female,76.5
2019,Melaka,Jasin,Male,80
2019,Melaka,Melaka Tengah,Female,285
2019,Melaka,Melaka Tengah,Male,294
2019,Negeri Sembilan,Jelebu,Female,21.1
2019,Negeri Sembilan,Jelebu,Male,24.2
2019,Negeri Sembilan,Jempol,Female,62.9
2019,Negeri Sembilan,Jempol,Male,69.1
2019,Negeri Sembilan,Kuala Pilah,Female,37.5
2019,Negeri Sembilan,Kuala Pilah,Male,37
2019,Negeri Sembilan,Port Dickson,Female,61.4
2019,Negeri Sembilan,Port Dickson,Male,69.2
2019,Negeri Sembilan,Rembau,Female,23.8
2019,Negeri Sembilan,Rembau,Male,25.2
2019,Negeri Sembilan,Seremban,Female,300.3
2019,Negeri Sembilan,Seremban,Male,325
2019,Negeri Sembilan,Tampin,Female,45
2019,Negeri Sembilan,Tampin,Male,50.6
2019,Pahang,Bentong,Female,61.8
2019,Pahang,Bentong,Male,73.4
2019,Pahang,Bera,Female,49.9
2019,Pahang,Bera,Male,62.3
2019,Pahang,Cameron Highlands,Female,19.2
2019,Pahang,Cameron Highlands,Male,24.5
2019,Pahang,Jerantut,Female,48.2
2019,Pahang,Jerantut,Male,57.1
2019,Pahang,Kuantan,Female,252.1
2019,Pahang,Kuantan,Male,277.5
2019,Pahang,Lipis,Female,48.3
2019,Pahang,Lipis,Male,55.6
2019,Pahang,Maran,Female,64
2019,Pahang,Maran,Male,70.6
2019,Pahang,Pekan,Female,61.1
2019,Pahang,Pekan,Male,68.3
2019,Pahang,Raub,Female,51.3
2019,Pahang,Raub,Male,56.5
2019,Pahang,Rompin,Female,59.4
2019,Pahang,Rompin,Male,75.6
2019,Pahang,Temerloh,Female,90.1
2019,Pahang,Temerloh,Male,99.8
2019,Perak,Bagan Datuk,Female,34.5
2019,Perak,Bagan Datuk,Male,40
2019,Perak,Batang Padang,Female,62.3
2019,Perak,Batang Padang,Male,68.2
2019,Perak,Hilir Perak,Female,76.6
2019,Perak,Hilir Perak,Male,79.8
2019,Perak,Hulu Perak,Female,49.8
2019,Perak,Hulu Perak,Male,54.3
2019,Perak,Kampar,Female,54.3
2019,Perak,Kampar,Male,54.3
2019,Perak,Kerian,Female,98.1
2019,Perak,Kerian,Male,99.6
2019,Perak,Kinta,Female,417.6
2019,Perak,Kinta,Male,418.3
2019,Perak,Kuala Kangsar,Female,87.8
2019,Perak,Kuala Kangsar,Male,88.5
2019,Perak,Larut & Matang,Female,179.1
2019,Perak,Larut & Matang,Male,185.9
2019,Perak,Manjung,Female,121
2019,Perak,Manjung,Male,135.5
2019,Perak,Muallim,Female,34
2019,Perak,Muallim,Male,38.5
2019,Perak,Perak Tengah,Female,56.2
2019,Perak,Perak Tengah,Male,57
2019,Perlis,,Female,131.8
2019,Perlis,,Male,130.2
2019,Pulau Pinang,Barat Daya,Female,114.7
2019,Pulau Pinang,Barat Daya,Male,119.4
2019,Pulau Pinang,Seberang Perai Selatan,Female,95.1
2019,Pulau Pinang,Seberang Perai Selatan,Male,100.8
2019,Pulau Pinang,Seberang Perai Tengah,Female,207.9
2019,Pulau Pinang,Seberang Perai Tengah,Male,225.5
2019,Pulau Pinang,Seberang Perai Utara,Female,168.6
2019,Pulau Pinang,Seberang Perai Utara,Male,172.1
2019,Pulau Pinang,Timur Laut,Female,298.4
2019,Pulau Pinang,Timur Laut,Male,284.7
2019,Sabah,Beaufort,Female,40.7
2019,Sabah,Beaufort,Male,42.7
2019,Sabah,Beluran,Female,57.3
2019,Sabah,Beluran,Male,76.1
2019,Sabah,Keningau,Female,104.9
2019,Sabah,Keningau,Male,114.3
2019,Sabah,Kinabatangan,Female,84.2
2019,Sabah,Kinabatangan,Male,113.8
2019,Sabah,Kota Belud,Female,54.1
2019,Sabah,Kota Belud,Male,57.7
2019,Sabah,Kota Kinabalu,Female,277.9
2019,Sabah,Kota Kinabalu,Male,294.7
2019,Sabah,Kota Marudu,Female,39.5
2019,Sabah,Kota Marudu,Male,41.8
2019,Sabah,Kuala Penyu,Female,12
2019,Sabah,Kuala Penyu,Male,12.6
2019,Sabah,Kudat,Female,49.6
2019,Sabah,Kudat,Male,52.1
2019,Sabah,Kunak,Female,38.4
2019,Sabah,Kunak,Male,41.9
2019,Sabah,Lahad Datu,Female,123.9
2019,Sabah,Lahad Datu,Male,135.3
2019,Sabah,Nabawan,Female,18.7
2019,Sabah,Nabawan,Male,21.2
2019,Sabah,Papar,Female,79.4
2019,Sabah,Papar,Male,88
2019,Sabah,Penampang,Female,74.4
2019,Sabah,Penampang,Male,78.6
2019,Sabah,Pitas,Female,22.3
2019,Sabah,Pitas,Male,23
2019,Sabah,Putatan,Female,33.7
2019,Sabah,Putatan,Male,37.8
2019,Sabah,Ranau,Female,54.9
2019,Sabah,Ranau,Male,59
2019,Sabah,Sandakan,Female,237.5
2019,Sabah,Sandakan,Male,273.1
2019,Sabah,Semporna,Female,85
2019,Sabah,Semporna,Male,87.9
2019,Sabah,Sipitang,Female,22.1
2019,Sabah,Sipitang,Male,23.1
2019,Sabah,Tambunan,Female,21.5
2019,Sabah,Tambunan,Male,21.9
2019,Sabah,Tawau,Female,246.2
2019,Sabah,Tawau,Male,267.8
2019,Sabah,Tenom,Female,33.1
2019,Sabah,Tenom,Male,35.7
2019,Sabah,Tongod,Female,19.8
2019,Sabah,Tongod,Male,24.5
2019,Sabah,Tuaran,Female,62.6
2019,Sabah,Tuaran,Male,65.5
2019,Sarawak,Asajaya,Female,18.2
2019,Sarawak,Asajaya,Male,19.1
2019,Sarawak,Bau,Female,29.5
2019,Sarawak,Bau,Male,31.9
2019,Sarawak,Belaga,Female,17.8
2019,Sarawak,Belaga,Male,26.1
2019,Sarawak,Betong,Female,35.9
2019,Sarawak,Betong,Male,36.6
2019,Sarawak,Bintulu,Female,101.1
2019,Sarawak,Bintulu,Male,125.3
2019,Sarawak,Dalat,Female,11.6
2019,Sarawak,Dalat,Male,11.3
2019,Sarawak,Daro,Female,17.1
2019,Sarawak,Daro,Male,20.2
2019,Sarawak,Julau,Female,9.2
2019,Sarawak,Julau,Male,9.2
2019,Sarawak,Kanowit,Female,17
2019,Sarawak,Kanowit,Male,16.8
2019,Sarawak,Kapit,Female,32.6
2019,Sarawak,Kapit,Male,32.2
2019,Sarawak,Kuching,Female,345.2
2019,Sarawak,Kuching,Male,357.5
2019,Sarawak,Lawas,Female,21.4
2019,Sarawak,Lawas,Male,24
2019,Sarawak,Limbang,Female,27.4
2019,Sarawak,Limbang,Male,28.7
2019,Sarawak,Lubok Antu,Female,16.3
2019,Sarawak,Lubok Antu,Male,16.4
2019,Sarawak,Lundu,Female,18.3
2019,Sarawak,Lundu,Male,20.4
2019,Sarawak,Marudi,Female,35.7
2019,Sarawak,Marudi,Male,40.1
2019,Sarawak,Matu,Female,10.1
2019,Sarawak,Matu,Male,10.9
2019,Sarawak,Maradong,Female,17.3
2019,Sarawak,Maradong,Male,17
2019,Sarawak,Miri,Female,161.7
2019,Sarawak,Miri,Male,190.6
2019,Sarawak,Mukah,Female,22.7
2019,Sarawak,Mukah,Male,28.8
2019,Sarawak,Pakan,Female,8.7
2019,Sarawak,Pakan,Male,9.5
2019,Sarawak,Samarahan,Female,50.8
2019,Sarawak,Samarahan,Male,50.5
2019,Sarawak,Saratok,Female,26.7
2019,Sarawak,Saratok,Male,26.9
2019,Sarawak,Sarikei,Female,32.7
2019,Sarawak,Sarikei,Male,33.8
2019,Sarawak,Selangau,Female,13.1
2019,Sarawak,Selangau,Male,13.9
2019,Sarawak,Serian,Female,51
2019,Sarawak,Serian,Male,53.5
2019,Sarawak,Sibu,Female,136.9
2019,Sarawak,Sibu,Male,147.7
2019,Sarawak,Simunjan,Female,22.2
2019,Sarawak,Simunjan,Male,24
2019,Sarawak,Song,Female,11.9
2019,Sarawak,Song,Male,12.3
2019,Sarawak,Sri Aman,Female,37.8
2019,Sarawak,Sri Aman,Male,39.4
2019,Sarawak,Tatau,Female,16.7
2019,Sarawak,Tatau,Male,19.8
2019,Selangor,Gombak,Female,398.2
2019,Selangor,Gombak,Male,430.6
2019,Selangor,Klang,Female,479.8
2019,Selangor,Klang,Male,561.1
2019,Selangor,Kuala Langat,Female,129.7
2019,Selangor,Kuala Langat,Male,145
2019,Selangor,Kuala Selangor,Female,123.5
2019,Selangor,Kuala Selangor,Male,132.1
2019,Selangor,Petaling,Female,1057.7
2019,Selangor,Petaling,Male,1133
2019,Selangor,Sabak Bernam,Female,63
2019,Selangor,Sabak Bernam,Male,65.3
2019,Selangor,Sepang,Female,118.6
2019,Selangor,Sepang,Male,142.7
2019,Selangor,Ulu Langat,Female,665.4
2019,Selangor,Ulu Langat,Male,726.6
2019,Selangor,Ulu Selangor,Female,115.6
2019,Selangor,Ulu Selangor,Male,126.1
2019,Terengganu,Besut,Female,84.8
2019,Terengganu,Besut,Male,87.6
2019,Terengganu,Dungun,Female,91.9
2019,Terengganu,Dungun,Male,97.7
2019,Terengganu,Hulu Terengganu,Female,42.7
2019,Terengganu,Hulu Terengganu,Male,46.3
2019,Terengganu,Kemaman,Female,99.8
2019,Terengganu,Kemaman,Male,112.3
2019,Terengganu,Kuala Nerus,Female,77.7
2019,Terengganu,Kuala Nerus,Male,77.2
2019,Terengganu,Kuala Terengganu,Female,130.5
2019,Terengganu,Kuala Terengganu,Male,133.1
2019,Terengganu,Marang,Female,57.7
2019,Terengganu,Marang,Male,61.7
2019,Terengganu,Setiu,Female,33.6
2019,Terengganu,Setiu,Male,35
2019,W.P. Kuala Lumpur,,Female,913.8
2019,W.P. Kuala Lumpur,,Male,982
2019,W.P. Labuan,,Female,49.4
2019,W.P. Labuan,,Male,52.3
2019,W.P. Putrajaya,,Female,49.5
2019,W.P. Putrajaya,,Male,43.6
2020,Malaysia,,Female,16246.6
2020,Malaysia,,Male,17535.8
2020,Johor,Batu pahat,Female,237
2020,Johor,Batu pahat,Male,251.9
2020,Johor,Johor Bahru,Female,755.8
2020,Johor,Johor Bahru,Male,865.6
2020,Johor,Kluang,Female,154.8
2020,Johor,Kluang,Male,196.9
2020,Johor,Kota tinggi,Female,109.7
2020,Johor,Kota tinggi,Male,121.6
2020,Johor,Kulai,Female,136
2020,Johor,Kulai,Male,158.8
2020,Johor,Mersing,Female,39.7
2020,Johor,Mersing,Male,45.4
2020,Johor,Muar,Female,137
2020,Johor,Muar,Male,151.9
2020,Johor,Pontian,Female,87
2020,Johor,Pontian,Male,96.1
2020,Johor,Segamat,Female,109
2020,Johor,Segamat,Male,112.7
2020,Johor,Tangkak,Female,77
2020,Johor,Tangkak,Male,82.7
2020,Kedah,Baling,Female,78.6
2020,Kedah,Baling,Male,80
2020,Kedah,Bandar Baharu,Female,24.4
2020,Kedah,Bandar Baharu,Male,24.9
2020,Kedah,Kota Setar,Female,211.4
2020,Kedah,Kota Setar,Male,211.9
2020,Kedah,Kuala Muda,Female,258.8
2020,Kedah,Kuala Muda,Male,269.1
2020,Kedah,Kubang Pasu,Female,131.8
2020,Kedah,Kubang Pasu,Male,126
2020,Kedah,Kulim,Female,158.3
2020,Kedah,Kulim,Male,175.7
2020,Kedah,Langkawi,Female,53.2
2020,Kedah,Langkawi,Male,59.9
2020,Kedah,Padang Terap,Female,36.3
2020,Kedah,Padang Terap,Male,37.8
2020,Kedah,Pendang,Female,55.5
2020,Kedah,Pendang,Male,56.1
2020,Kedah,Pokok Sena,Female,27.4
2020,Kedah,Pokok Sena,Male,30.9
2020,Kedah,Sik,Female,38.3
2020,Kedah,Sik,Male,41.1
2020,Kedah,Yan,Female,40.1
2020,Kedah,Yan,Male,39.9
2020,Kelantan,Bachok,Female,84.2
2020,Kelantan,Bachok,Male,84.9
2020,Kelantan,Gua Musang,Female,53.7
2020,Kelantan,Gua Musang,Male,65
2020,Kelantan,Jeli,Female,25.3
2020,Kelantan,Jeli,Male,27.7
2020,Kelantan,Kota Bharu,Female,310
2020,Kelantan,Kota Bharu,Male,310.4
2020,Kelantan,Kuala Krai,Female,67.8
2020,Kelantan,Kuala Krai,Male,72.7
2020,Kelantan,Machang,Female,59.4
2020,Kelantan,Machang,Male,58.8
2020,Kelantan,Pasir Mas,Female,119.5
2020,Kelantan,Pasir Mas,Male,121.7
2020,Kelantan,Pasir Puteh,Female,74.1
2020,Kelantan,Pasir Puteh,Male,74.8
2020,Kelantan,Tanah Merah,Female,75.9
2020,Kelantan,Tanah Merah,Male,79.2
2020,Kelantan,Tumpat,Female,96.6
2020,Kelantan,Tumpat,Male,98
2020,Melaka,Alor Gajah,Female,106.1
2020,Melaka,Alor Gajah,Male,109
2020,Melaka,Jasin,Female,77.6
2020,Melaka,Jasin,Male,81.2
2020,Melaka,Melaka Tengah,Female,288.6
2020,Melaka,Melaka Tengah,Male,298
2020,Negeri Sembilan,Jelebu,Female,21.3
2020,Negeri Sembilan,Jelebu,Male,24.4
2020,Negeri Sembilan,Jempol,Female,63.4
2020,Negeri Sembilan,Jempol,Male,69.8
2020,Negeri Sembilan,Kuala Pilah,Female,37.9
2020,Negeri Sembilan,Kuala Pilah,Male,37.3
2020,Negeri Sembilan,Port Dickson,Female,61.9
2020,Negeri Sembilan,Port Dickson,Male,69.8
2020,Negeri Sembilan,Rembau,Female,24
2020,Negeri Sembilan,Rembau,Male,25.4
2020,Negeri Sembilan,Seremban,Female,303
2020,Negeri Sembilan,Seremban,Male,328
2020,Negeri Sembilan,Tampin,Female,45.4
2020,Negeri Sembilan,Tampin,Male,51.1
2020,Pahang,Bentong,Female,62.6
2020,Pahang,Bentong,Male,74.3
2020,Pahang,Bera,Female,50.5
2020,Pahang,Bera,Male,63
2020,Pahang,Cameron Highlands,Female,19.4
2020,Pahang,Cameron Highlands,Male,24.7
2020,Pahang,Jerantut,Female,48.9
2020,Pahang,Jerantut,Male,57.9
2020,Pahang,Kuantan,Female,255.6
2020,Pahang,Kuantan,Male,281.2
2020,Pahang,Lipis,Female,49
2020,Pahang,Lipis,Male,56.4
2020,Pahang,Maran,Female,65
2020,Pahang,Maran,Male,71.6
2020,Pahang,Pekan,Female,62
2020,Pahang,Pekan,Male,69.3
2020,Pahang,Raub,Female,52
2020,Pahang,Raub,Male,57.2
2020,Pahang,Rompin,Female,60.3
2020,Pahang,Rompin,Male,76.8
2020,Pahang,Temerloh,Female,91.4
2020,Pahang,Temerloh,Male,101.1
2020,Perak,Bagan Datuk,Female,34.6
2020,Perak,Bagan Datuk,Male,40.2
2020,Perak,Batang Padang,Female,63
2020,Perak,Batang Padang,Male,68.9
2020,Perak,Hilir Perak,Female,77.2
2020,Perak,Hilir Perak,Male,80.5
2020,Perak,Hulu Perak,Female,50.3
2020,Perak,Hulu Perak,Male,54.9
2020,Perak,Kampar,Female,54.7
2020,Perak,Kampar,Male,54.7
2020,Perak,Kerian,Female,98.8
2020,Perak,Kerian,Male,100.5
2020,Perak,Kinta,Female,420.5
2020,Perak,Kinta,Male,421.2
2020,Perak,Kuala Kangsar,Female,88.5
2020,Perak,Kuala Kangsar,Male,89.3
2020,Perak,Larut & Matang,Female,180.4
2020,Perak,Larut & Matang,Male,187.4
2020,Perak,Manjung,Female,121.9
2020,Perak,Manjung,Male,136.6
2020,Perak,Muallim,Female,34.3
2020,Perak,Muallim,Male,38.9
2020,Perak,Perak Tengah,Female,56.7
2020,Perak,Perak Tengah,Male,57.6
2020,Perlis,,Female,133
2020,Perlis,,Male,131.7
2020,Pulau Pinang,Barat Daya,Female,116.1
2020,Pulau Pinang,Barat Daya,Male,120.9
2020,Pulau Pinang,Seberang Perai Selatan,Female,96.1
2020,Pulau Pinang,Seberang Perai Selatan,Male,101.9
2020,Pulau Pinang,Seberang Perai Tengah,Female,210.2
2020,Pulau Pinang,Seberang Perai Tengah,Male,228.2
2020,Pulau Pinang,Seberang Perai Utara,Female,170.6
2020,Pulau Pinang,Seberang Perai Utara,Male,174.3
2020,Pulau Pinang,Timur Laut,Female,301
2020,Pulau Pinang,Timur Laut,Male,287.2
2020,Sabah,Beaufort,Female,41.6
2020,Sabah,Beaufort,Male,43.6
2020,Sabah,Beluran,Female,58.1
2020,Sabah,Beluran,Male,77.2
2020,Sabah,Keningau,Female,106.6
2020,Sabah,Keningau,Male,116.1
2020,Sabah,Kinabatangan,Female,85.3
2020,Sabah,Kinabatangan,Male,115.3
2020,Sabah,Kota Belud,Female,55
2020,Sabah,Kota Belud,Male,58.7
2020,Sabah,Kota Kinabalu,Female,282.5
2020,Sabah,Kota Kinabalu,Male,299.3
2020,Sabah,Kota Marudu,Female,40.2
2020,Sabah,Kota Marudu,Male,42.5
2020,Sabah,Kuala Penyu,Female,12.2
2020,Sabah,Kuala Penyu,Male,12.8
2020,Sabah,Kudat,Female,50.3
2020,Sabah,Kudat,Male,52.9
2020,Sabah,Kunak,Female,39
2020,Sabah,Kunak,Male,42.5
2020,Sabah,Lahad Datu,Female,125.8
2020,Sabah,Lahad Datu,Male,137.3
2020,Sabah,Nabawan,Female,19
2020,Sabah,Nabawan,Male,21.6
2020,Sabah,Papar,Female,81.1
2020,Sabah,Papar,Male,89.9
2020,Sabah,Penampang,Female,75.5
2020,Sabah,Penampang,Male,79.8
2020,Sabah,Pitas,Female,22.6
2020,Sabah,Pitas,Male,23.4
2020,Sabah,Putatan,Female,34.5
2020,Sabah,Putatan,Male,38.6
2020,Sabah,Ranau,Female,55.8
2020,Sabah,Ranau,Male,60
2020,Sabah,Sandakan,Female,241.1
2020,Sabah,Sandakan,Male,277.1
2020,Sabah,Semporna,Female,86.4
2020,Sabah,Semporna,Male,89.3
2020,Sabah,Sipitang,Female,22.5
2020,Sabah,Sipitang,Male,23.5
2020,Sabah,Tambunan,Female,21.8
2020,Sabah,Tambunan,Male,22.3
2020,Sabah,Tawau,Female,249.6
2020,Sabah,Tawau,Male,271.4
2020,Sabah,Tenom,Female,33.6
2020,Sabah,Tenom,Male,36.3
2020,Sabah,Tongod,Female,20.1
2020,Sabah,Tongod,Male,24.8
2020,Sabah,Tuaran,Female,63.8
2020,Sabah,Tuaran,Male,66.7
2020,Sarawak,Asajaya,Female,18.5
2020,Sarawak,Asajaya,Male,19.4
2020,Sarawak,Bau,Female,29.9
2020,Sarawak,Bau,Male,32.3
2020,Sarawak,Belaga,Female,18.1
2020,Sarawak,Belaga,Male,26.4
2020,Sarawak,Betong,Female,36.4
2020,Sarawak,Betong,Male,37.1
2020,Sarawak,Bintulu,Female,102.5
2020,Sarawak,Bintulu,Male,126.9
2020,Sarawak,Dalat,Female,11.8
2020,Sarawak,Dalat,Male,11.5
2020,Sarawak,Daro,Female,17.4
2020,Sarawak,Daro,Male,20.5
2020,Sarawak,Julau,Female,9.4
2020,Sarawak,Julau,Male,9.3
2020,Sarawak,Kanowit,Female,17.3
2020,Sarawak,Kanowit,Male,17
2020,Sarawak,Kapit,Female,33.1
2020,Sarawak,Kapit,Male,32.7
2020,Sarawak,Kuching,Female,349.7
2020,Sarawak,Kuching,Male,361.8
2020,Sarawak,Lawas,Female,21.8
2020,Sarawak,Lawas,Male,24.4
2020,Sarawak,Limbang,Female,27.8
2020,Sarawak,Limbang,Male,29.1
2020,Sarawak,Lubok Antu,Female,16.5
2020,Sarawak,Lubok Antu,Male,16.6
2020,Sarawak,Lundu,Female,18.6
2020,Sarawak,Lundu,Male,20.6
2020,Sarawak,Marudi,Female,36.2
2020,Sarawak,Marudi,Male,40.7
2020,Sarawak,Matu,Female,10.3
2020,Sarawak,Matu,Male,11.1
2020,Sarawak,Maradong,Female,17.5
2020,Sarawak,Maradong,Male,17.3
2020,Sarawak,Miri,Female,163.9
2020,Sarawak,Miri,Male,193
2020,Sarawak,Mukah,Female,23
2020,Sarawak,Mukah,Male,29.2
2020,Sarawak,Pakan,Female,8.8
2020,Sarawak,Pakan,Male,9.7
2020,Sarawak,Samarahan,Female,51.5
2020,Sarawak,Samarahan,Male,51.2
2020,Sarawak,Saratok,Female,27.1
2020,Sarawak,Saratok,Male,27.3
2020,Sarawak,Sarikei,Female,33.1
2020,Sarawak,Sarikei,Male,34.3
2020,Sarawak,Selangau,Female,13.3
2020,Sarawak,Selangau,Male,14.1
2020,Sarawak,Serian,Female,51.6
2020,Sarawak,Serian,Male,54.1
2020,Sarawak,Sibu,Female,138.6
2020,Sarawak,Sibu,Male,149.4
2020,Sarawak,Simunjan,Female,22.5
2020,Sarawak,Simunjan,Male,24.4
2020,Sarawak,Song,Female,12
2020,Sarawak,Song,Male,12.5
2020,Sarawak,Sri Aman,Female,38.3
2020,Sarawak,Sri Aman,Male,39.9
2020,Sarawak,Tatau,Female,16.9
2020,Sarawak,Tatau,Male,20
2020,Selangor,Gombak,Female,404.6
2020,Selangor,Gombak,Male,437.6
2020,Selangor,Klang,Female,486.8
2020,Selangor,Klang,Male,569.5
2020,Selangor,Kuala Langat,Female,131.7
2020,Selangor,Kuala Langat,Male,147.4
2020,Selangor,Kuala Selangor,Female,125.5
2020,Selangor,Kuala Selangor,Male,134.4
2020,Selangor,Petaling,Female,1073.3
2020,Selangor,Petaling,Male,1149.9
2020,Selangor,Sabak Bernam,Female,64.1
2020,Selangor,Sabak Bernam,Male,66.4
2020,Selangor,Sepang,Female,120.5
2020,Selangor,Sepang,Male,145.1
2020,Selangor,Ulu Langat,Female,675.5
2020,Selangor,Ulu Langat,Male,737.7
2020,Selangor,Ulu Selangor,Female,117.5
2020,Selangor,Ulu Selangor,Male,128.2
2020,Terengganu,Besut,Female,86.4
2020,Terengganu,Besut,Male,89.4
2020,Terengganu,Dungun,Female,93.7
2020,Terengganu,Dungun,Male,99.6
2020,Terengganu,Hulu Terengganu,Female,43.5
2020,Terengganu,Hulu Terengganu,Male,47.2
2020,Terengganu,Kemaman,Female,101.7
2020,Terengganu,Kemaman,Male,114.4
2020,Terengganu,Kuala Nerus,Female,79.2
2020,Terengganu,Kuala Nerus,Male,78.7
2020,Terengganu,Kuala Terengganu,Female,133
2020,Terengganu,Kuala Terengganu,Male,135.6
2020,Terengganu,Marang,Female,58.8
2020,Terengganu,Marang,Male,62.9
2020,Terengganu,Setiu,Female,34.3
2020,Terengganu,Setiu,Male,35.7
2020,W.P. Kuala Lumpur,,Female,921
2020,W.P. Kuala Lumpur,,Male,989.7
2020,W.P. Labuan,,Female,50.1
2020,W.P. Labuan,,Male,53
2020,W.P. Putrajaya,,Female,50.3
2020,W.P. Putrajaya,,Male,44.3